order_id,customer_id,product_id,store_id,order_date,delivery_date,order_status,delivery_type,quantity
1,C_012,P_1001,S_2008,2024-01-02,2024-01-04,Cancelled,In-Store,1
2,C_026,P_1002,S_2004,2024-01-03,2024-01-06,Returned,Pickup,1
3,C_028,P_1003,S_2009,2024-01-04,2024-01-08,Processing,Online,1
4,C_015,P_1004,S_2017,2024-01-05,2024-01-10,Delivered,In-Store,1
5,C_009,P_1005,S_2008,2024-01-06,2024-01-12,Cancelled,Pickup,1
6,C_008,P_1006,S_2006,2024-01-07,2024-01-14,Returned,Online,1
7,C_014,P_1001,S_2018,2024-01-08,2024-01-16,Processing,In-Store,1
8,C_018,P_1002,S_2005,2024-01-09,2024-01-18,Delivered,Pickup,1
9,C_027,P_1003,S_2011,2024-01-10,2024-01-20,Cancelled,Online,1
10,C_020,P_1004,S_2013,2024-01-11,2024-01-12,Returned,In-Store,1
11,C_028,P_1005,S_2009,2024-01-12,2024-01-14,Processing,Pickup,1
12,C_015,P_1006,S_2017,2024-01-13,2024-01-16,Delivered,Online,1
13,C_026,P_1001,S_2008,2024-01-14,2024-01-18,Cancelled,In-Store,1
14,C_008,P_1002,S_2006,2024-01-15,2024-01-20,Returned,Pickup,2
15,C_014,P_1003,S_2018,2024-01-16,2024-01-22,Processing,Online,1
16,C_018,P_1004,S_2005,2024-01-17,2024-01-24,Delivered,In-Store,1
17,C_012,P_1005,S_2008,2024-01-18,2024-01-26,Cancelled,Pickup,1
18,C_026,P_1006,S_2004,2024-01-19,2024-01-28,Returned,Online,1
19,C_025,P_1001,S_2009,2024-01-20,2024-01-30,Processing,In-Store,1
20,C_015,P_1002,S_2017,2024-01-21,2024-01-22,Delivered,Pickup,2
21,C_020,P_1003,S_2015,2024-01-22,2024-01-24,Cancelled,Online,1
22,C_008,P_1004,S_2006,2024-01-23,2024-01-26,Returned,In-Store,1
23,C_014,P_1005,S_2018,2024-01-24,2024-01-28,Processing,Pickup,1
24,C_018,P_1006,S_2005,2024-01-25,2024-01-30,Delivered,Online,1
25,C_012,P_1001,S_2008,2024-01-26,2024-02-01,Cancelled,In-Store,1
26,C_020,P_1002,S_2013,2024-01-27,2024-02-03,Returned,Pickup,2
27,C_001,P_1003,S_2021,2024-01-28,2024-02-05,Processing,Online,1
28,C_015,P_1004,S_2017,2024-01-29,2024-02-07,Delivered,In-Store,1
29,C_004,P_1005,S_2008,2024-01-30,2024-02-09,Cancelled,Pickup,1
30,C_008,P_1006,S_2006,2024-01-31,2024-02-01,Returned,Online,2
31,C_014,P_1001,S_2018,2024-02-01,2024-02-03,Processing,In-Store,1
32,C_018,P_1002,S_2005,2024-02-02,2024-02-05,Delivered,Pickup,2
33,C_006,P_1003,S_2023,2024-02-03,2024-02-07,Cancelled,Online,1
34,C_026,P_1004,S_2004,2024-02-04,2024-02-09,Returned,In-Store,1
35,C_028,P_1005,S_2009,2024-02-05,2024-02-11,Processing,Pickup,1
36,C_015,P_1006,S_2017,2024-02-06,2024-02-13,Delivered,Online,1
37,C_027,P_1001,S_2011,2024-02-07,2024-02-15,Cancelled,In-Store,1
38,C_008,P_1002,S_2006,2024-02-08,2024-02-17,Returned,Pickup,2
39,C_014,P_1003,S_2018,2024-02-09,2024-02-19,Processing,Online,1
40,C_018,P_1004,S_2005,2024-02-10,2024-02-11,Delivered,In-Store,1
41,C_012,P_1005,S_2008,2024-02-11,2024-02-13,Cancelled,Pickup,1
42,C_019,P_1006,S_2020,2024-02-12,2024-02-15,Returned,Online,1
43,C_013,P_1001,S_2001,2024-02-13,2024-02-17,Processing,In-Store,1
44,C_015,P_1002,S_2017,2024-02-14,2024-02-19,Delivered,Pickup,2
45,C_021,P_1003,S_2008,2024-02-15,2024-02-21,Cancelled,Online,1
46,C_008,P_1004,S_2006,2024-02-16,2024-02-23,Returned,In-Store,1
47,C_014,P_1005,S_2018,2024-02-17,2024-02-25,Processing,Pickup,1
48,C_018,P_1006,S_2005,2024-02-18,2024-02-27,Delivered,Online,1
49,C_012,P_1001,S_2008,2024-02-19,2024-02-29,Cancelled,In-Store,1
50,C_026,P_1002,S_2004,2024-02-20,2024-02-21,Returned,Pickup,2
51,C_019,P_1003,S_2018,2024-02-21,2024-02-23,Processing,Online,1
52,C_010,P_1004,S_2005,2024-02-22,2024-02-25,Delivered,In-Store,1
53,C_009,P_1005,S_2008,2024-02-23,2024-02-27,Cancelled,Pickup,1
54,C_008,P_1006,S_2006,2024-02-24,2024-02-29,Returned,Online,1
55,C_014,P_1001,S_2018,2024-02-25,2024-03-02,Processing,In-Store,1
56,C_018,P_1002,S_2005,2024-02-26,2024-03-04,Delivered,Pickup,2
57,C_013,P_1003,S_2002,2024-02-27,2024-03-06,Cancelled,Online,1
58,C_019,P_1004,S_2020,2024-02-28,2024-03-08,Returned,In-Store,1
59,C_028,P_1005,S_2009,2024-02-29,2024-03-10,Processing,Pickup,1
60,C_021,P_1006,S_2005,2024-03-01,2024-03-02,Delivered,Online,1
61,C_009,P_1001,S_2008,2024-03-02,2024-03-04,Cancelled,In-Store,1
62,C_008,P_1002,S_2006,2024-03-03,2024-03-06,Returned,Pickup,2
63,C_027,P_1003,S_2009,2024-03-04,2024-03-08,Processing,Online,1
64,C_002,P_1004,S_2010,2024-03-05,2024-03-10,Delivered,In-Store,1
65,C_012,P_1005,S_2008,2024-03-06,2024-03-12,Cancelled,Pickup,1
66,C_026,P_1006,S_2004,2024-03-07,2024-03-14,Returned,Online,1
67,C_032,P_1001,S_2009,2024-03-08,2024-03-16,Processing,In-Store,1
68,C_002,P_1002,S_2010,2024-03-09,2024-03-18,Delivered,Pickup,2
69,C_007,P_1003,S_2008,2024-03-10,2024-03-20,Cancelled,Online,1
70,C_006,P_1004,S_2024,2024-03-11,2024-03-12,Returned,In-Store,1
71,C_014,P_1005,S_2018,2024-03-12,2024-03-14,Processing,Pickup,1
72,C_006,P_1006,S_2022,2024-03-13,2024-03-16,Delivered,Online,1
73,C_023,P_1001,S_2019,2024-03-14,2024-03-18,Cancelled,In-Store,1
74,C_026,P_1002,S_2004,2024-03-15,2024-03-20,Returned,Pickup,2
75,C_028,P_1003,S_2009,2024-03-16,2024-03-22,Processing,Online,2
76,C_007,P_1004,S_2005,2024-03-17,2024-03-24,Delivered,In-Store,1
77,C_009,P_1005,S_2008,2024-03-18,2024-03-26,Cancelled,Pickup,1
78,C_008,P_1006,S_2006,2024-03-19,2024-03-28,Returned,Online,1
79,C_027,P_1001,S_2009,2024-03-20,2024-03-30,Processing,In-Store,1
80,C_018,P_1002,S_2005,2024-03-21,2024-03-22,Delivered,Pickup,2
81,C_013,P_1003,S_2002,2024-03-22,2024-03-24,Cancelled,Online,2
82,C_026,P_1004,S_2004,2024-03-23,2024-03-26,Returned,In-Store,1
83,C_019,P_1005,S_2018,2024-03-24,2024-03-28,Processing,Pickup,1
84,C_015,P_1006,S_2017,2024-03-25,2024-03-30,Delivered,Online,1
85,C_009,P_1001,S_2008,2024-03-26,2024-04-01,Cancelled,In-Store,1
86,C_008,P_1002,S_2006,2024-03-27,2024-04-03,Returned,Pickup,2
87,C_002,P_1003,S_2009,2024-03-28,2024-04-05,Processing,Online,1
88,C_018,P_1004,S_2005,2024-03-29,2024-04-07,Delivered,In-Store,1
89,C_022,P_1005,S_2019,2024-03-30,2024-04-09,Cancelled,Pickup,1
90,C_026,P_1006,S_2004,2024-03-31,2024-04-01,Returned,Online,1
91,C_022,P_1001,S_2018,2024-04-01,2024-04-03,Processing,In-Store,1
92,C_015,P_1002,S_2017,2024-04-02,2024-04-05,Delivered,Pickup,2
93,C_026,P_1003,S_2011,2024-04-03,2024-04-07,Cancelled,Online,1
94,C_008,P_1004,S_2006,2024-04-04,2024-04-09,Returned,In-Store,1
95,C_014,P_1005,S_2018,2024-04-05,2024-04-11,Processing,Pickup,1
96,C_018,P_1006,S_2005,2024-04-06,2024-04-13,Delivered,Online,1
97,C_026,P_1001,S_2011,2024-04-07,2024-04-15,Cancelled,In-Store,1
98,C_032,P_1002,S_2012,2024-04-08,2024-04-17,Returned,Pickup,2
99,C_001,P_1003,S_2021,2024-04-09,2024-04-19,Processing,Online,1
100,C_021,P_1004,S_2005,2024-04-10,2024-04-11,Delivered,In-Store,1
101,C_009,P_1005,S_2008,2024-04-11,2024-04-13,Cancelled,Pickup,1
102,C_008,P_1006,S_2006,2024-04-12,2024-04-15,Returned,Online,1
103,C_002,P_1001,S_2009,2024-04-13,2024-04-17,Processing,In-Store,1
104,C_018,P_1002,S_2005,2024-04-14,2024-04-19,Delivered,Pickup,2
105,C_012,P_1003,S_2008,2024-04-15,2024-04-21,Cancelled,Online,1
106,C_032,P_1004,S_2012,2024-04-16,2024-04-23,Returned,In-Store,1
107,C_023,P_1005,S_2018,2024-04-17,2024-04-25,Processing,Pickup,1
108,C_015,P_1006,S_2017,2024-04-18,2024-04-27,Delivered,Online,1
109,C_004,P_1001,S_2008,2024-04-19,2024-04-29,Cancelled,In-Store,1
110,C_008,P_1002,S_2006,2024-04-20,2024-04-21,Returned,Pickup,2
111,C_006,P_1003,S_2021,2024-04-21,2024-04-23,Processing,Online,1
112,C_002,P_1004,S_2010,2024-04-22,2024-04-25,Delivered,In-Store,1
113,C_007,P_1005,S_2008,2024-04-23,2024-04-27,Cancelled,Pickup,1
114,C_026,P_1006,S_2004,2024-04-24,2024-04-29,Returned,Online,1
115,C_028,P_1001,S_2009,2024-04-25,2024-05-01,Processing,In-Store,1
116,C_015,P_1002,S_2017,2024-04-26,2024-05-03,Delivered,Pickup,2
117,C_009,P_1003,S_2008,2024-04-27,2024-05-05,Cancelled,Online,1
118,C_008,P_1004,S_2006,2024-04-28,2024-05-07,Returned,In-Store,1
119,C_014,P_1005,S_2018,2024-04-29,2024-05-09,Processing,Pickup,1
120,C_018,P_1006,S_2005,2024-04-30,2024-05-01,Delivered,Online,1
121,C_002,P_1001,S_2011,2024-05-01,2024-05-03,Cancelled,In-Store,1
122,C_026,P_1002,S_2004,2024-05-02,2024-05-05,Returned,Pickup,2
123,C_019,P_1003,S_2018,2024-05-03,2024-05-07,Processing,Online,1
124,C_004,P_1004,S_2005,2024-05-04,2024-05-09,Delivered,In-Store,2
125,C_004,P_1005,S_2008,2024-05-05,2024-05-11,Cancelled,Pickup,1
126,C_008,P_1006,S_2006,2024-05-06,2024-05-13,Returned,Online,1
127,C_014,P_1001,S_2018,2024-05-07,2024-05-15,Processing,In-Store,1
128,C_006,P_1002,S_2022,2024-05-08,2024-05-17,Delivered,Pickup,2
129,C_028,P_1003,S_2011,2024-05-09,2024-05-19,Cancelled,Online,1
130,C_020,P_1004,S_2013,2024-05-10,2024-05-11,Returned,In-Store,1
131,C_001,P_1005,S_2022,2024-05-11,2024-05-13,Processing,Pickup,1
132,C_015,P_1006,S_2017,2024-05-12,2024-05-15,Delivered,Online,1
133,C_009,P_1001,S_2008,2024-05-13,2024-05-17,Cancelled,In-Store,1
134,C_008,P_1002,S_2006,2024-05-14,2024-05-19,Returned,Pickup,2
135,C_014,P_1003,S_2018,2024-05-15,2024-05-21,Processing,Online,1
136,C_018,P_1004,S_2005,2024-05-16,2024-05-23,Delivered,In-Store,1
137,C_010,P_1005,S_2008,2024-05-17,2024-05-25,Cancelled,Pickup,1
138,C_026,P_1006,S_2004,2024-05-18,2024-05-27,Returned,Online,1
139,C_004,P_1001,S_2007,2024-05-19,2024-05-29,Processing,In-Store,1
140,C_015,P_1002,S_2017,2024-05-20,2024-05-21,Delivered,Pickup,2
141,C_004,P_1003,S_2008,2024-05-21,2024-05-23,Cancelled,Online,1
142,C_008,P_1004,S_2006,2024-05-22,2024-05-25,Returned,In-Store,1
143,C_014,P_1005,S_2018,2024-05-23,2024-05-27,Processing,Pickup,1
144,C_018,P_1006,S_2005,2024-05-24,2024-05-29,Delivered,Online,1
145,C_012,P_1001,S_2008,2024-05-25,2024-05-31,Cancelled,In-Store,1
146,C_026,P_1002,S_2004,2024-05-26,2024-06-02,Returned,Pickup,2
147,C_001,P_1003,S_2023,2024-05-27,2024-06-04,Processing,Online,2
148,C_015,P_1004,S_2017,2024-05-28,2024-06-06,Delivered,In-Store,1
149,C_024,P_1005,S_2008,2024-05-29,2024-06-08,Cancelled,Pickup,1
150,C_008,P_1006,S_2006,2024-05-30,2024-05-31,Returned,Online,2
151,C_027,P_1001,S_2009,2024-05-31,2024-06-02,Processing,In-Store,1
152,C_006,P_1002,S_2022,2024-06-01,2024-06-04,Delivered,Pickup,2
153,C_002,P_1003,S_2011,2024-06-02,2024-06-06,Cancelled,Online,1
154,C_020,P_1004,S_2013,2024-06-03,2024-06-08,Returned,In-Store,1
155,C_028,P_1005,S_2009,2024-06-04,2024-06-10,Processing,Pickup,1
156,C_015,P_1006,S_2017,2024-06-05,2024-06-12,Delivered,Online,1
157,C_009,P_1001,S_2008,2024-06-06,2024-06-14,Cancelled,In-Store,1
158,C_008,P_1002,S_2006,2024-06-07,2024-06-16,Returned,Pickup,2
159,C_014,P_1003,S_2018,2024-06-08,2024-06-18,Processing,Online,1
160,C_006,P_1004,S_2022,2024-06-09,2024-06-10,Delivered,In-Store,1
161,C_010,P_1005,S_2008,2024-06-10,2024-06-12,Cancelled,Pickup,1
162,C_019,P_1006,S_2020,2024-06-11,2024-06-14,Returned,Online,2
163,C_010,P_1001,S_2007,2024-06-12,2024-06-16,Processing,In-Store,1
164,C_015,P_1002,S_2017,2024-06-13,2024-06-18,Delivered,Pickup,2
165,C_010,P_1003,S_2008,2024-06-14,2024-06-20,Cancelled,Online,1
166,C_008,P_1004,S_2006,2024-06-15,2024-06-22,Returned,In-Store,1
167,C_014,P_1005,S_2018,2024-06-16,2024-06-24,Processing,Pickup,1
168,C_018,P_1006,S_2005,2024-06-17,2024-06-26,Delivered,Online,2
169,C_010,P_1001,S_2008,2024-06-18,2024-06-28,Cancelled,In-Store,1
170,C_001,P_1002,S_2024,2024-06-19,2024-06-20,Returned,Pickup,2
171,C_001,P_1003,S_2021,2024-06-20,2024-06-22,Processing,Online,1
172,C_015,P_1004,S_2017,2024-06-21,2024-06-24,Delivered,In-Store,1
173,C_002,P_1005,S_2011,2024-06-22,2024-06-26,Cancelled,Pickup,1
174,C_008,P_1006,S_2006,2024-06-23,2024-06-28,Returned,Online,2
175,C_002,P_1001,S_2009,2024-06-24,2024-06-30,Processing,In-Store,3
176,C_018,P_1002,S_2005,2024-06-25,2024-07-02,Delivered,Pickup,2
177,C_013,P_1003,S_2002,2024-06-26,2024-07-04,Cancelled,Online,1
178,C_019,P_1004,S_2020,2024-06-27,2024-07-06,Returned,In-Store,1
179,C_028,P_1005,S_2009,2024-06-28,2024-07-08,Processing,Pickup,1
180,C_015,P_1006,S_2017,2024-01-01,2024-01-02,Delivered,Online,2
181,C_022,P_1001,S_2019,2024-01-02,2024-01-04,Cancelled,In-Store,1
182,C_008,P_1002,S_2006,2024-01-03,2024-01-06,Returned,Pickup,2
183,C_014,P_1003,S_2018,2024-01-04,2024-01-08,Processing,Online,1
184,C_018,P_1004,S_2005,2024-01-05,2024-01-10,Delivered,In-Store,2
185,C_012,P_1005,S_2008,2024-01-06,2024-01-12,Cancelled,Pickup,1
186,C_026,P_1006,S_2004,2024-01-07,2024-01-14,Returned,Online,2
187,C_010,P_1001,S_2007,2024-01-08,2024-01-16,Processing,In-Store,1
188,C_015,P_1002,S_2017,2024-01-09,2024-01-18,Delivered,Pickup,2
189,C_009,P_1003,S_2008,2024-01-10,2024-01-20,Cancelled,Online,1
190,C_008,P_1004,S_2006,2024-01-11,2024-01-12,Returned,In-Store,2
191,C_002,P_1005,S_2009,2024-01-12,2024-01-14,Processing,Pickup,1
192,C_006,P_1006,S_2022,2024-01-13,2024-01-16,Delivered,Online,1
193,C_010,P_1001,S_2008,2024-01-14,2024-01-18,Cancelled,In-Store,1
194,C_032,P_1002,S_2012,2024-01-15,2024-01-20,Returned,Pickup,2
195,C_019,P_1003,S_2018,2024-01-16,2024-01-22,Processing,Online,1
196,C_015,P_1004,S_2017,2024-01-17,2024-01-24,Delivered,In-Store,1
197,C_023,P_1005,S_2019,2024-01-18,2024-01-26,Cancelled,Pickup,1
198,C_008,P_1006,S_2006,2024-01-19,2024-01-28,Returned,Online,1
199,C_014,P_1001,S_2018,2024-01-20,2024-01-30,Processing,In-Store,1
200,C_018,P_1002,S_2005,2024-01-21,2024-01-22,Delivered,Pickup,2
201,C_012,P_1003,S_2008,2024-01-22,2024-01-24,Cancelled,Online,2
202,C_026,P_1004,S_2004,2024-01-23,2024-01-26,Returned,In-Store,1
203,C_028,P_1005,S_2009,2024-01-24,2024-01-28,Processing,Pickup,1
204,C_015,P_1006,S_2017,2024-01-25,2024-01-30,Delivered,Online,1
205,C_004,P_1001,S_2008,2024-01-26,2024-02-01,Cancelled,In-Store,1
206,C_008,P_1002,S_2006,2024-01-27,2024-02-03,Returned,Pickup,2
207,C_014,P_1003,S_2018,2024-01-28,2024-02-05,Processing,Online,1
208,C_018,P_1004,S_2005,2024-01-29,2024-02-07,Delivered,In-Store,1
209,C_013,P_1005,S_2002,2024-01-30,2024-02-09,Cancelled,Pickup,1
210,C_026,P_1006,S_2004,2024-01-31,2024-02-01,Returned,Online,1
211,C_025,P_1001,S_2009,2024-02-01,2024-02-03,Processing,In-Store,1
212,C_015,P_1002,S_2017,2024-02-02,2024-02-05,Delivered,Pickup,2
213,C_006,P_1003,S_2023,2024-02-03,2024-02-07,Cancelled,Online,1
214,C_008,P_1004,S_2006,2024-02-04,2024-02-09,Returned,In-Store,2
215,C_027,P_1005,S_2009,2024-02-05,2024-02-11,Processing,Pickup,1
216,C_018,P_1006,S_2005,2024-02-06,2024-02-13,Delivered,Online,1
217,C_012,P_1001,S_2008,2024-02-07,2024-02-15,Cancelled,In-Store,1
218,C_032,P_1002,S_2012,2024-02-08,2024-02-17,Returned,Pickup,2
219,C_033,P_1003,S_2016,2024-02-09,2024-02-19,Processing,Online,1
220,C_015,P_1004,S_2017,2024-02-10,2024-02-11,Delivered,In-Store,1
221,C_019,P_1005,S_2019,2024-02-11,2024-02-13,Cancelled,Pickup,1
222,C_008,P_1006,S_2006,2024-02-12,2024-02-15,Returned,Online,1
223,C_014,P_1001,S_2018,2024-02-13,2024-02-17,Processing,In-Store,2
224,C_006,P_1002,S_2022,2024-02-14,2024-02-19,Delivered,Pickup,2
225,C_012,P_1003,S_2008,2024-02-15,2024-02-21,Cancelled,Online,1
226,C_026,P_1004,S_2004,2024-02-16,2024-02-23,Returned,In-Store,1
227,C_025,P_1005,S_2009,2024-02-17,2024-02-25,Processing,Pickup,1
228,C_002,P_1006,S_2010,2024-02-18,2024-02-27,Delivered,Online,2
229,C_009,P_1001,S_2008,2024-02-19,2024-02-29,Cancelled,In-Store,1
230,C_008,P_1002,S_2006,2024-02-20,2024-02-21,Returned,Pickup,2
231,C_014,P_1003,S_2018,2024-02-21,2024-02-23,Processing,Online,1
232,C_018,P_1004,S_2005,2024-02-22,2024-02-25,Delivered,In-Store,1
233,C_012,P_1005,S_2008,2024-02-23,2024-02-27,Cancelled,Pickup,1
234,C_026,P_1006,S_2004,2024-02-24,2024-02-29,Returned,Online,1
235,C_025,P_1001,S_2009,2024-02-25,2024-03-02,Processing,In-Store,1
236,C_015,P_1002,S_2017,2024-02-26,2024-03-04,Delivered,Pickup,2
237,C_009,P_1003,S_2008,2024-02-27,2024-03-06,Cancelled,Online,1
238,C_008,P_1004,S_2006,2024-02-28,2024-03-08,Returned,In-Store,1
239,C_014,P_1005,S_2018,2024-02-29,2024-03-10,Processing,Pickup,1
240,C_018,P_1006,S_2005,2024-03-01,2024-03-02,Delivered,Online,1
241,C_010,P_1001,S_2008,2024-03-02,2024-03-04,Cancelled,In-Store,1
242,C_026,P_1002,S_2004,2024-03-03,2024-03-06,Returned,Pickup,2
243,C_033,P_1003,S_2016,2024-03-04,2024-03-08,Processing,Online,1
244,C_015,P_1004,S_2017,2024-03-05,2024-03-10,Delivered,In-Store,1
245,C_007,P_1005,S_2008,2024-03-06,2024-03-12,Cancelled,Pickup,1
246,C_008,P_1006,S_2006,2024-03-07,2024-03-14,Returned,Online,1
247,C_014,P_1001,S_2018,2024-03-08,2024-03-16,Processing,In-Store,1
248,C_018,P_1002,S_2005,2024-03-09,2024-03-18,Delivered,Pickup,2
249,C_022,P_1003,S_2019,2024-03-10,2024-03-20,Cancelled,Online,1
250,C_020,P_1004,S_2013,2024-03-11,2024-03-12,Returned,In-Store,1
251,C_009,P_1005,S_2007,2024-03-12,2024-03-14,Processing,Pickup,1
252,C_015,P_1006,S_2017,2024-03-13,2024-03-16,Delivered,Online,1
253,C_004,P_1001,S_2008,2024-03-14,2024-03-18,Cancelled,In-Store,1
254,C_008,P_1002,S_2006,2024-03-15,2024-03-20,Returned,Pickup,2
255,C_027,P_1003,S_2009,2024-03-16,2024-03-22,Processing,Online,1
256,C_006,P_1004,S_2022,2024-03-17,2024-03-24,Delivered,In-Store,1
257,C_016,P_1005,S_2008,2024-03-18,2024-03-26,Cancelled,Pickup,1
258,C_025,P_1006,S_2012,2024-03-19,2024-03-28,Returned,Online,3
259,C_033,P_1001,S_2016,2024-03-20,2024-03-30,Processing,In-Store,1
260,C_015,P_1002,S_2017,2024-03-21,2024-03-22,Delivered,Pickup,2
261,C_006,P_1003,S_2023,2024-03-22,2024-03-24,Cancelled,Online,1
262,C_008,P_1004,S_2006,2024-03-23,2024-03-26,Returned,In-Store,1
263,C_014,P_1005,S_2018,2024-03-24,2024-03-28,Processing,Pickup,1
264,C_018,P_1006,S_2005,2024-03-25,2024-03-30,Delivered,Online,1
265,C_012,P_1001,S_2008,2024-03-26,2024-04-01,Cancelled,In-Store,2
266,C_020,P_1002,S_2013,2024-03-27,2024-04-03,Returned,Pickup,2
267,C_025,P_1003,S_2009,2024-03-28,2024-04-05,Processing,Online,1
268,C_015,P_1004,S_2017,2024-03-29,2024-04-07,Delivered,In-Store,1
269,C_022,P_1005,S_2019,2024-03-30,2024-04-09,Cancelled,Pickup,1
270,C_008,P_1006,S_2006,2024-03-31,2024-04-01,Returned,Online,1
271,C_002,P_1001,S_2009,2024-04-01,2024-04-03,Processing,In-Store,1
272,C_018,P_1002,S_2005,2024-04-02,2024-04-05,Delivered,Pickup,2
273,C_024,P_1003,S_2008,2024-04-03,2024-04-07,Cancelled,Online,1
274,C_026,P_1004,S_2004,2024-04-04,2024-04-09,Returned,In-Store,2
275,C_025,P_1005,S_2009,2024-04-05,2024-04-11,Processing,Pickup,1
276,C_015,P_1006,S_2017,2024-04-06,2024-04-13,Delivered,Online,1
277,C_009,P_1001,S_2008,2024-04-07,2024-04-15,Cancelled,In-Store,1
278,C_008,P_1002,S_2006,2024-04-08,2024-04-17,Returned,Pickup,2
279,C_014,P_1003,S_2018,2024-04-09,2024-04-19,Processing,Online,2
280,C_006,P_1004,S_2022,2024-04-10,2024-04-11,Delivered,In-Store,1
281,C_017,P_1005,S_2008,2024-04-11,2024-04-13,Cancelled,Pickup,2
282,C_001,P_1006,S_2024,2024-04-12,2024-04-15,Returned,Online,1
283,C_033,P_1001,S_2016,2024-04-13,2024-04-17,Processing,In-Store,1
284,C_022,P_1002,S_2017,2024-04-14,2024-04-19,Delivered,Pickup,2
285,C_009,P_1003,S_2008,2024-04-15,2024-04-21,Cancelled,Online,1
286,C_008,P_1004,S_2006,2024-04-16,2024-04-23,Returned,In-Store,1
287,C_014,P_1005,S_2018,2024-04-17,2024-04-25,Processing,Pickup,1
288,C_018,P_1006,S_2005,2024-04-18,2024-04-27,Delivered,Online,1
289,C_012,P_1001,S_2008,2024-04-19,2024-04-29,Cancelled,In-Store,1
290,C_026,P_1002,S_2004,2024-04-20,2024-04-21,Returned,Pickup,2
291,C_033,P_1003,S_2016,2024-04-21,2024-04-23,Processing,Online,1
292,C_023,P_1004,S_2017,2024-04-22,2024-04-25,Delivered,In-Store,1
293,C_009,P_1005,S_2008,2024-04-23,2024-04-27,Cancelled,Pickup,1
294,C_008,P_1006,S_2006,2024-04-24,2024-04-29,Returned,Online,1
295,C_006,P_1001,S_2021,2024-04-25,2024-05-01,Processing,In-Store,1
296,C_018,P_1002,S_2005,2024-04-26,2024-05-03,Delivered,Pickup,2
297,C_012,P_1003,S_2008,2024-04-27,2024-05-05,Cancelled,Online,1
298,C_001,P_1004,S_2021,2024-04-28,2024-05-07,Returned,In-Store,1
299,C_026,P_1005,S_2001,2024-04-29,2024-05-09,Processing,Pickup,1
300,C_015,P_1006,S_2017,2024-04-30,2024-05-01,Delivered,Online,1
301,C_010,P_1001,S_2008,2024-05-01,2024-05-03,Cancelled,In-Store,1
302,C_008,P_1002,S_2006,2024-05-02,2024-05-05,Returned,Pickup,2
303,C_014,P_1003,S_2018,2024-05-03,2024-05-07,Processing,Online,1
304,C_006,P_1004,S_2022,2024-05-04,2024-05-09,Delivered,In-Store,1
305,C_011,P_1005,S_2002,2024-05-05,2024-05-11,Cancelled,Pickup,1
306,C_026,P_1006,S_2004,2024-05-06,2024-05-13,Returned,Online,1
307,C_025,P_1001,S_2009,2024-05-07,2024-05-15,Processing,In-Store,1
308,C_015,P_1002,S_2017,2024-05-08,2024-05-17,Delivered,Pickup,2
309,C_009,P_1003,S_2008,2024-05-09,2024-05-19,Cancelled,Online,1
310,C_008,P_1004,S_2006,2024-05-10,2024-05-11,Returned,In-Store,1
311,C_014,P_1005,S_2018,2024-05-11,2024-05-13,Processing,Pickup,1
312,C_018,P_1006,S_2005,2024-05-12,2024-05-15,Delivered,Online,1
313,C_012,P_1001,S_2008,2024-05-13,2024-05-17,Cancelled,In-Store,2
314,C_001,P_1002,S_2023,2024-05-14,2024-05-19,Returned,Pickup,2
315,C_033,P_1003,S_2016,2024-05-15,2024-05-21,Processing,Online,1
316,C_015,P_1004,S_2017,2024-05-16,2024-05-23,Delivered,In-Store,3
317,C_009,P_1005,S_2008,2024-05-17,2024-05-25,Cancelled,Pickup,1
318,C_008,P_1006,S_2006,2024-05-18,2024-05-27,Returned,Online,2
319,C_013,P_1001,S_2001,2024-05-19,2024-05-29,Processing,In-Store,1
320,C_018,P_1002,S_2005,2024-05-20,2024-05-21,Delivered,Pickup,2
321,C_003,P_1003,S_2002,2024-05-21,2024-05-23,Cancelled,Online,1
322,C_026,P_1004,S_2004,2024-05-22,2024-05-25,Returned,In-Store,1
323,C_025,P_1005,S_2009,2024-05-23,2024-05-27,Processing,Pickup,2
324,C_003,P_1006,S_2003,2024-05-24,2024-05-29,Delivered,Online,2
325,C_022,P_1001,S_2019,2024-05-25,2024-05-31,Cancelled,In-Store,1
326,C_008,P_1002,S_2006,2024-05-26,2024-06-02,Returned,Pickup,2
327,C_014,P_1003,S_2018,2024-05-27,2024-06-04,Processing,Online,1
328,C_018,P_1004,S_2005,2024-05-28,2024-06-06,Delivered,In-Store,1
329,C_012,P_1005,S_2008,2024-05-29,2024-06-08,Cancelled,Pickup,1
330,C_026,P_1006,S_2004,2024-05-30,2024-05-31,Returned,Online,1
331,C_025,P_1001,S_2009,2024-05-31,2024-06-02,Processing,In-Store,1
332,C_015,P_1002,S_2017,2024-06-01,2024-06-04,Delivered,Pickup,2
333,C_023,P_1003,S_2019,2024-06-02,2024-06-06,Cancelled,Online,1
334,C_008,P_1004,S_2006,2024-06-03,2024-06-08,Returned,In-Store,1
335,C_014,P_1005,S_2018,2024-06-04,2024-06-10,Processing,Pickup,1
336,C_018,P_1006,S_2005,2024-06-05,2024-06-12,Delivered,Online,1
337,C_012,P_1001,S_2008,2024-06-06,2024-06-14,Cancelled,In-Store,1
338,C_020,P_1002,S_2013,2024-06-07,2024-06-16,Returned,Pickup,2
339,C_033,P_1003,S_2016,2024-06-08,2024-06-18,Processing,Online,1
340,C_003,P_1004,S_2003,2024-06-09,2024-06-10,Delivered,In-Store,1
341,C_009,P_1005,S_2008,2024-06-10,2024-06-12,Cancelled,Pickup,2
342,C_008,P_1006,S_2006,2024-06-11,2024-06-14,Returned,Online,1
343,C_014,P_1001,S_2018,2024-06-12,2024-06-16,Processing,In-Store,1
344,C_018,P_1002,S_2005,2024-06-13,2024-06-18,Delivered,Pickup,2
345,C_013,P_1003,S_2002,2024-06-14,2024-06-20,Cancelled,Online,1
346,C_001,P_1004,S_2022,2024-06-15,2024-06-22,Returned,In-Store,1
347,C_025,P_1005,S_2009,2024-06-16,2024-06-24,Processing,Pickup,1
348,C_015,P_1006,S_2017,2024-06-17,2024-06-26,Delivered,Online,1
349,C_009,P_1001,S_2008,2024-06-18,2024-06-28,Cancelled,In-Store,1
350,C_008,P_1002,S_2006,2024-06-19,2024-06-20,Returned,Pickup,2
351,C_014,P_1003,S_2018,2024-06-20,2024-06-22,Processing,Online,1
352,C_006,P_1004,S_2022,2024-06-21,2024-06-24,Delivered,In-Store,1
353,C_012,P_1005,S_2008,2024-06-22,2024-06-26,Cancelled,Pickup,1
354,C_026,P_1006,S_2004,2024-06-23,2024-06-28,Returned,Online,1
355,C_026,P_1001,S_2001,2024-06-24,2024-06-30,Processing,In-Store,1
356,C_015,P_1002,S_2017,2024-06-25,2024-07-02,Delivered,Pickup,2
357,C_009,P_1003,S_2008,2024-06-26,2024-07-04,Cancelled,Online,1
358,C_008,P_1004,S_2006,2024-06-27,2024-07-06,Returned,In-Store,1
359,C_014,P_1005,S_2018,2024-06-28,2024-07-08,Processing,Pickup,1
360,C_018,P_1006,S_2005,2024-01-01,2024-01-02,Delivered,Online,1
361,C_016,P_1001,S_2008,2024-01-02,2024-01-04,Cancelled,In-Store,1
362,C_026,P_1002,S_2004,2024-01-03,2024-01-06,Returned,Pickup,2
363,C_033,P_1003,S_2016,2024-01-04,2024-01-08,Processing,Online,1
364,C_015,P_1004,S_2017,2024-01-05,2024-01-10,Delivered,In-Store,1
365,C_009,P_1005,S_2008,2024-01-06,2024-01-12,Cancelled,Pickup,1
366,C_008,P_1006,S_2006,2024-01-07,2024-01-14,Returned,Online,1
367,C_021,P_1001,S_2007,2024-01-08,2024-01-16,Processing,In-Store,1
368,C_018,P_1002,S_2005,2024-01-09,2024-01-18,Delivered,Pickup,2
369,C_012,P_1003,S_2008,2024-01-10,2024-01-20,Cancelled,Online,2
370,C_019,P_1004,S_2020,2024-01-11,2024-01-12,Returned,In-Store,1
371,C_001,P_1005,S_2021,2024-01-12,2024-01-14,Processing,Pickup,1
372,C_010,P_1006,S_2005,2024-01-13,2024-01-16,Delivered,Online,1
373,C_009,P_1001,S_2008,2024-01-14,2024-01-18,Cancelled,In-Store,1
374,C_008,P_1002,S_2006,2024-01-15,2024-01-20,Returned,Pickup,2
375,C_014,P_1003,S_2018,2024-01-16,2024-01-22,Processing,Online,1
376,C_018,P_1004,S_2005,2024-01-17,2024-01-24,Delivered,In-Store,2
377,C_016,P_1005,S_2008,2024-01-18,2024-01-26,Cancelled,Pickup,1
378,C_026,P_1006,S_2004,2024-01-19,2024-01-28,Returned,Online,1
379,C_003,P_1001,S_2001,2024-01-20,2024-01-30,Processing,In-Store,1
380,C_015,P_1002,S_2017,2024-01-21,2024-01-22,Delivered,Pickup,2
381,C_009,P_1003,S_2008,2024-01-22,2024-01-24,Cancelled,Online,1
382,C_008,P_1004,S_2006,2024-01-23,2024-01-26,Returned,In-Store,1
383,C_014,P_1005,S_2018,2024-01-24,2024-01-28,Processing,Pickup,1
384,C_006,P_1006,S_2022,2024-01-25,2024-01-30,Delivered,Online,1
385,C_012,P_1001,S_2008,2024-01-26,2024-02-01,Cancelled,In-Store,1
386,C_006,P_1002,S_2024,2024-01-27,2024-02-03,Returned,Pickup,2
387,C_004,P_1003,S_2007,2024-01-28,2024-02-05,Processing,Online,1
388,C_015,P_1004,S_2017,2024-01-29,2024-02-07,Delivered,In-Store,1
389,C_009,P_1005,S_2008,2024-01-30,2024-02-09,Cancelled,Pickup,1
390,C_008,P_1006,S_2006,2024-01-31,2024-02-01,Returned,Online,1
391,C_014,P_1001,S_2018,2024-02-01,2024-02-03,Processing,In-Store,1
392,C_018,P_1002,S_2005,2024-02-02,2024-02-05,Delivered,Pickup,2
393,C_006,P_1003,S_2023,2024-02-03,2024-02-07,Cancelled,Online,1
394,C_026,P_1004,S_2004,2024-02-04,2024-02-09,Returned,In-Store,1
395,C_033,P_1005,S_2016,2024-02-05,2024-02-11,Processing,Pickup,1
396,C_015,P_1006,S_2017,2024-02-06,2024-02-13,Delivered,Online,1
397,C_009,P_1001,S_2008,2024-02-07,2024-02-15,Cancelled,In-Store,1
398,C_008,P_1002,S_2006,2024-02-08,2024-02-17,Returned,Pickup,1
399,C_014,P_1003,S_2018,2024-02-09,2024-02-19,Processing,Online,1
400,C_018,P_1004,S_2005,2024-02-10,2024-02-11,Delivered,In-Store,1
401,C_012,P_1005,S_2008,2024-02-11,2024-02-13,Cancelled,Pickup,1
402,C_026,P_1006,S_2004,2024-02-12,2024-02-15,Returned,Online,1
403,C_003,P_1001,S_2001,2024-02-13,2024-02-17,Processing,In-Store,1
404,C_015,P_1002,S_2017,2024-02-14,2024-02-19,Delivered,Pickup,2
405,C_009,P_1003,S_2008,2024-02-15,2024-02-21,Cancelled,Online,1
406,C_008,P_1004,S_2006,2024-02-16,2024-02-23,Returned,In-Store,1
407,C_014,P_1005,S_2018,2024-02-17,2024-02-25,Processing,Pickup,1
408,C_006,P_1006,S_2022,2024-02-18,2024-02-27,Delivered,Online,1
409,C_016,P_1001,S_2008,2024-02-19,2024-02-29,Cancelled,In-Store,1
410,C_026,P_1002,S_2004,2024-02-20,2024-02-21,Returned,Pickup,2
411,C_004,P_1003,S_2007,2024-02-21,2024-02-23,Processing,Online,1
412,C_022,P_1004,S_2017,2024-02-22,2024-02-25,Delivered,In-Store,1
413,C_009,P_1005,S_2008,2024-02-23,2024-02-27,Cancelled,Pickup,1
414,C_008,P_1006,S_2006,2024-02-24,2024-02-29,Returned,Online,1
415,C_014,P_1001,S_2018,2024-02-25,2024-03-02,Processing,In-Store,1
416,C_018,P_1002,S_2005,2024-02-26,2024-03-04,Delivered,Pickup,1
417,C_012,P_1003,S_2008,2024-02-27,2024-03-06,Cancelled,Online,1
418,C_026,P_1004,S_2004,2024-02-28,2024-03-08,Returned,In-Store,1
419,C_033,P_1005,S_2016,2024-02-29,2024-03-10,Processing,Pickup,1
420,C_015,P_1006,S_2017,2024-03-01,2024-03-02,Delivered,Online,1
421,C_009,P_1001,S_2008,2024-03-02,2024-03-04,Cancelled,In-Store,2
422,C_008,P_1002,S_2006,2024-03-03,2024-03-06,Returned,Pickup,2
423,C_014,P_1003,S_2018,2024-03-04,2024-03-08,Processing,Online,1
424,C_006,P_1004,S_2022,2024-03-05,2024-03-10,Delivered,In-Store,1
425,C_021,P_1005,S_2008,2024-03-06,2024-03-12,Cancelled,Pickup,1
426,C_026,P_1006,S_2004,2024-03-07,2024-03-14,Returned,Online,1
427,C_003,P_1001,S_2001,2024-03-08,2024-03-16,Processing,In-Store,1
428,C_015,P_1002,S_2017,2024-03-09,2024-03-18,Delivered,Pickup,1
429,C_009,P_1003,S_2008,2024-03-10,2024-03-20,Cancelled,Online,1
430,C_008,P_1004,S_2006,2024-03-11,2024-03-12,Returned,In-Store,1
431,C_014,P_1005,S_2018,2024-03-12,2024-03-14,Processing,Pickup,1
432,C_006,P_1006,S_2022,2024-03-13,2024-03-16,Delivered,Online,1
433,C_022,P_1001,S_2019,2024-03-14,2024-03-18,Cancelled,In-Store,1
434,C_026,P_1002,S_2004,2024-03-15,2024-03-20,Returned,Pickup,1
435,C_033,P_1003,S_2016,2024-03-16,2024-03-22,Processing,Online,1
436,C_023,P_1004,S_2017,2024-03-17,2024-03-24,Delivered,In-Store,1
437,C_009,P_1005,S_2008,2024-03-18,2024-03-26,Cancelled,Pickup,1
438,C_008,P_1006,S_2006,2024-03-19,2024-03-28,Returned,Online,1
439,C_014,P_1001,S_2018,2024-03-20,2024-03-30,Processing,In-Store,1
440,C_018,P_1002,S_2005,2024-03-21,2024-03-22,Delivered,Pickup,1
441,C_012,P_1003,S_2008,2024-03-22,2024-03-24,Cancelled,Online,2
442,C_026,P_1004,S_2004,2024-03-23,2024-03-26,Returned,In-Store,1
443,C_010,P_1005,S_2007,2024-03-24,2024-03-28,Processing,Pickup,2
444,C_015,P_1006,S_2017,2024-03-25,2024-03-30,Delivered,Online,1
445,C_009,P_1001,S_2008,2024-03-26,2024-04-01,Cancelled,In-Store,1
446,C_008,P_1002,S_2006,2024-03-27,2024-04-03,Returned,Pickup,1
447,C_014,P_1003,S_2018,2024-03-28,2024-04-05,Processing,Online,1
448,C_018,P_1004,S_2005,2024-03-29,2024-04-07,Delivered,In-Store,2
449,C_013,P_1005,S_2002,2024-03-30,2024-04-09,Cancelled,Pickup,1
450,C_026,P_1006,S_2004,2024-03-31,2024-04-01,Returned,Online,1
451,C_033,P_1001,S_2016,2024-04-01,2024-04-03,Processing,In-Store,1
452,C_007,P_1002,S_2005,2024-04-02,2024-04-05,Delivered,Pickup,1
453,C_009,P_1003,S_2008,2024-04-03,2024-04-07,Cancelled,Online,1
454,C_008,P_1004,S_2006,2024-04-04,2024-04-09,Returned,In-Store,1
455,C_014,P_1005,S_2018,2024-04-05,2024-04-11,Processing,Pickup,1
456,C_026,P_1006,S_2010,2024-04-06,2024-04-13,Delivered,Online,3
457,C_012,P_1001,S_2008,2024-04-07,2024-04-15,Cancelled,In-Store,1
458,C_026,P_1002,S_2004,2024-04-08,2024-04-17,Returned,Pickup,1
459,C_033,P_1003,S_2016,2024-04-09,2024-04-19,Processing,Online,1
460,C_015,P_1004,S_2017,2024-04-10,2024-04-11,Delivered,In-Store,1
461,C_009,P_1005,S_2008,2024-04-11,2024-04-13,Cancelled,Pickup,1
462,C_008,P_1006,S_2006,2024-04-12,2024-04-15,Returned,Online,1
463,C_014,P_1001,S_2018,2024-04-13,2024-04-17,Processing,In-Store,1
464,C_018,P_1002,S_2005,2024-04-14,2024-04-19,Delivered,Pickup,3
465,C_012,P_1003,S_2008,2024-04-15,2024-04-21,Cancelled,Online,1
466,C_032,P_1004,S_2004,2024-04-16,2024-04-23,Returned,In-Store,1
467,C_013,P_1005,S_2001,2024-04-17,2024-04-25,Processing,Pickup,2
468,C_015,P_1006,S_2017,2024-04-18,2024-04-27,Delivered,Online,1
469,C_009,P_1001,S_2008,2024-04-19,2024-04-29,Cancelled,In-Store,1
470,C_008,P_1002,S_2006,2024-04-20,2024-04-21,Returned,Pickup,2
471,C_014,P_1003,S_2018,2024-04-21,2024-04-23,Processing,Online,1
472,C_018,P_1004,S_2005,2024-04-22,2024-04-25,Delivered,In-Store,1
473,C_012,P_1005,S_2008,2024-04-23,2024-04-27,Cancelled,Pickup,1
474,C_026,P_1006,S_2004,2024-04-24,2024-04-29,Returned,Online,2
475,C_013,P_1001,S_2001,2024-04-25,2024-05-01,Processing,In-Store,3
476,C_016,P_1002,S_2005,2024-04-26,2024-05-03,Delivered,Pickup,1
477,C_009,P_1003,S_2008,2024-04-27,2024-05-05,Cancelled,Online,1
478,C_008,P_1004,S_2006,2024-04-28,2024-05-07,Returned,In-Store,1
479,C_014,P_1005,S_2018,2024-04-29,2024-05-09,Processing,Pickup,1
480,C_018,P_1006,S_2005,2024-04-30,2024-05-01,Delivered,Online,3
481,C_017,P_1001,S_2008,2024-05-01,2024-05-03,Cancelled,In-Store,1
482,C_026,P_1002,S_2004,2024-05-02,2024-05-05,Returned,Pickup,1
483,C_033,P_1003,S_2016,2024-05-03,2024-05-07,Processing,Online,1
484,C_015,P_1004,S_2017,2024-05-04,2024-05-09,Delivered,In-Store,1
485,C_009,P_1005,S_2008,2024-05-05,2024-05-11,Cancelled,Pickup,1
486,C_008,P_1006,S_2006,2024-05-06,2024-05-13,Returned,Online,3
487,C_014,P_1001,S_2018,2024-05-07,2024-05-15,Processing,In-Store,1
488,C_032,P_1002,S_2010,2024-05-08,2024-05-17,Delivered,Pickup,1
489,C_012,P_1003,S_2008,2024-05-09,2024-05-19,Cancelled,Online,1
490,C_026,P_1004,S_2004,2024-05-10,2024-05-11,Returned,In-Store,1
491,C_025,P_1005,S_2009,2024-05-11,2024-05-13,Processing,Pickup,2
492,C_015,P_1006,S_2017,2024-05-12,2024-05-15,Delivered,Online,1
493,C_009,P_1001,S_2008,2024-05-13,2024-05-17,Cancelled,In-Store,1
494,C_008,P_1002,S_2006,2024-05-14,2024-05-19,Returned,Pickup,1
495,C_014,P_1003,S_2018,2024-05-15,2024-05-21,Processing,Online,1
496,C_018,P_1004,S_2005,2024-05-16,2024-05-23,Delivered,In-Store,1
497,C_012,P_1005,S_2008,2024-05-17,2024-05-25,Cancelled,Pickup,1
498,C_026,P_1006,S_2004,2024-05-18,2024-05-27,Returned,Online,1
499,C_004,P_1001,S_2007,2024-05-19,2024-05-29,Processing,In-Store,1
500,C_016,P_1002,S_2005,2024-05-20,2024-05-21,Delivered,Pickup,1
501,C_009,P_1003,S_2008,2024-05-21,2024-05-23,Cancelled,Online,1
502,C_008,P_1004,S_2006,2024-05-22,2024-05-25,Returned,In-Store,1
503,C_014,P_1005,S_2018,2024-05-23,2024-05-27,Processing,Pickup,1
504,C_018,P_1006,S_2005,2024-05-24,2024-05-29,Delivered,Online,1
505,C_019,P_1001,S_2019,2024-05-25,2024-05-31,Cancelled,In-Store,1
506,C_026,P_1002,S_2004,2024-05-26,2024-06-02,Returned,Pickup,1
507,C_033,P_1003,S_2016,2024-05-27,2024-06-04,Processing,Online,1
508,C_015,P_1004,S_2017,2024-05-28,2024-06-06,Delivered,In-Store,1
509,C_009,P_1005,S_2008,2024-05-29,2024-06-08,Cancelled,Pickup,1
510,C_008,P_1006,S_2006,2024-05-30,2024-05-31,Returned,Online,1
511,C_014,P_1001,S_2018,2024-05-31,2024-06-02,Processing,In-Store,1
512,C_032,P_1002,S_2010,2024-06-01,2024-06-04,Delivered,Pickup,1
513,C_012,P_1003,S_2008,2024-06-02,2024-06-06,Cancelled,Online,1
514,C_026,P_1004,S_2004,2024-06-03,2024-06-08,Returned,In-Store,1
515,C_025,P_1005,S_2009,2024-06-04,2024-06-10,Processing,Pickup,1
516,C_015,P_1006,S_2017,2024-06-05,2024-06-12,Delivered,Online,1
517,C_009,P_1001,S_2008,2024-06-06,2024-06-14,Cancelled,In-Store,1
518,C_008,P_1002,S_2006,2024-06-07,2024-06-16,Returned,Pickup,1
519,C_014,P_1003,S_2018,2024-06-08,2024-06-18,Processing,Online,1
520,C_018,P_1004,S_2005,2024-06-09,2024-06-10,Delivered,In-Store,1
521,C_012,P_1005,S_2008,2024-06-10,2024-06-12,Cancelled,Pickup,1
522,C_026,P_1006,S_2004,2024-06-11,2024-06-14,Returned,Online,1
523,C_033,P_1001,S_2016,2024-06-12,2024-06-16,Processing,In-Store,1
524,C_033,P_1002,S_2014,2024-06-13,2024-06-18,Delivered,Pickup,1
525,C_009,P_1003,S_2008,2024-06-14,2024-06-20,Cancelled,Online,1
526,C_008,P_1004,S_2006,2024-06-15,2024-06-22,Returned,In-Store,1
527,C_014,P_1005,S_2018,2024-06-16,2024-06-24,Processing,Pickup,1
528,C_018,P_1006,S_2005,2024-06-17,2024-06-26,Delivered,Online,1
529,C_012,P_1001,S_2008,2024-06-18,2024-06-28,Cancelled,In-Store,1
530,C_026,P_1002,S_2004,2024-06-19,2024-06-20,Returned,Pickup,1
531,C_001,P_1003,S_2024,2024-06-20,2024-06-22,Processing,Online,2
532,C_015,P_1004,S_2017,2024-06-21,2024-06-24,Delivered,In-Store,1
533,C_009,P_1005,S_2008,2024-06-22,2024-06-26,Cancelled,Pickup,1
534,C_008,P_1006,S_2006,2024-06-23,2024-06-28,Returned,Online,1
535,C_014,P_1001,S_2018,2024-06-24,2024-06-30,Processing,In-Store,1
536,C_018,P_1002,S_2005,2024-06-25,2024-07-02,Delivered,Pickup,1
537,C_033,P_1003,S_2015,2024-06-26,2024-07-04,Cancelled,Online,1
538,C_026,P_1004,S_2004,2024-06-27,2024-07-06,Returned,In-Store,1
539,C_033,P_1005,S_2016,2024-06-28,2024-07-08,Processing,Pickup,1
540,C_015,P_1006,S_2017,2024-01-01,2024-01-02,Delivered,Online,1
541,C_009,P_1001,S_2008,2024-01-02,2024-01-04,Cancelled,In-Store,1
542,C_008,P_1002,S_2006,2024-01-03,2024-01-06,Returned,Pickup,1
543,C_014,P_1003,S_2018,2024-01-04,2024-01-08,Processing,Online,1
544,C_018,P_1004,S_2005,2024-01-05,2024-01-10,Delivered,In-Store,1
545,C_012,P_1005,S_2008,2024-01-06,2024-01-12,Cancelled,Pickup,1
546,C_026,P_1006,S_2004,2024-01-07,2024-01-14,Returned,Online,1
547,C_033,P_1001,S_2016,2024-01-08,2024-01-16,Processing,In-Store,2
548,C_006,P_1002,S_2022,2024-01-09,2024-01-18,Delivered,Pickup,1
549,C_009,P_1003,S_2008,2024-01-10,2024-01-20,Cancelled,Online,1
550,C_008,P_1004,S_2006,2024-01-11,2024-01-12,Returned,In-Store,2
551,C_014,P_1005,S_2018,2024-01-12,2024-01-14,Processing,Pickup,1
552,C_018,P_1006,S_2005,2024-01-13,2024-01-16,Delivered,Online,1
553,C_012,P_1001,S_2008,2024-01-14,2024-01-18,Cancelled,In-Store,1
554,C_026,P_1002,S_2004,2024-01-15,2024-01-20,Returned,Pickup,2
555,C_019,P_1003,S_2018,2024-01-16,2024-01-22,Processing,Online,1
556,C_015,P_1004,S_2017,2024-01-17,2024-01-24,Delivered,In-Store,3
557,C_009,P_1005,S_2008,2024-01-18,2024-01-26,Cancelled,Pickup,1
558,C_008,P_1006,S_2006,2024-01-19,2024-01-28,Returned,Online,2
559,C_014,P_1001,S_2018,2024-01-20,2024-01-30,Processing,In-Store,1
560,C_018,P_1002,S_2005,2024-01-21,2024-01-22,Delivered,Pickup,1
561,C_033,P_1003,S_2015,2024-01-22,2024-01-24,Cancelled,Online,1
562,C_026,P_1004,S_2004,2024-01-23,2024-01-26,Returned,In-Store,1
563,C_028,P_1005,S_2009,2024-01-24,2024-01-28,Processing,Pickup,1
564,C_015,P_1006,S_2017,2024-01-25,2024-01-30,Delivered,Online,1
565,C_009,P_1001,S_2008,2024-01-26,2024-02-01,Cancelled,In-Store,1
566,C_008,P_1002,S_2006,2024-01-27,2024-02-03,Returned,Pickup,1
567,C_014,P_1003,S_2018,2024-01-28,2024-02-05,Processing,Online,1
568,C_018,P_1004,S_2005,2024-01-29,2024-02-07,Delivered,In-Store,1
569,C_012,P_1005,S_2008,2024-01-30,2024-02-09,Cancelled,Pickup,1
570,C_026,P_1006,S_2004,2024-01-31,2024-02-01,Returned,Online,1
571,C_019,P_1001,S_2018,2024-02-01,2024-02-03,Processing,In-Store,1
572,C_010,P_1002,S_2005,2024-02-02,2024-02-05,Delivered,Pickup,1
573,C_009,P_1003,S_2008,2024-02-03,2024-02-07,Cancelled,Online,1
574,C_008,P_1004,S_2006,2024-02-04,2024-02-09,Returned,In-Store,1
575,C_014,P_1005,S_2018,2024-02-05,2024-02-11,Processing,Pickup,1
576,C_032,P_1006,S_2010,2024-02-06,2024-02-13,Delivered,Online,1
577,C_012,P_1001,S_2008,2024-02-07,2024-02-15,Cancelled,In-Store,1
578,C_026,P_1002,S_2004,2024-02-08,2024-02-17,Returned,Pickup,1
579,C_026,P_1003,S_2001,2024-02-09,2024-02-19,Processing,Online,1
580,C_015,P_1004,S_2017,2024-02-10,2024-02-11,Delivered,In-Store,1
581,C_009,P_1005,S_2008,2024-02-11,2024-02-13,Cancelled,Pickup,1
582,C_008,P_1006,S_2006,2024-02-12,2024-02-15,Returned,Online,1
583,C_014,P_1001,S_2018,2024-02-13,2024-02-17,Processing,In-Store,1
584,C_018,P_1002,S_2005,2024-02-14,2024-02-19,Delivered,Pickup,1
585,C_016,P_1003,S_2008,2024-02-15,2024-02-21,Cancelled,Online,1
586,C_026,P_1004,S_2004,2024-02-16,2024-02-23,Returned,In-Store,2
587,C_028,P_1005,S_2009,2024-02-17,2024-02-25,Processing,Pickup,1
588,C_030,P_1006,S_2017,2024-02-18,2024-02-27,Delivered,Online,1
589,C_009,P_1001,S_2008,2024-02-19,2024-02-29,Cancelled,In-Store,1
590,C_008,P_1002,S_2006,2024-02-20,2024-02-21,Returned,Pickup,1
591,C_014,P_1003,S_2018,2024-02-21,2024-02-23,Processing,Online,1
592,C_032,P_1004,S_2010,2024-02-22,2024-02-25,Delivered,In-Store,1
593,C_012,P_1005,S_2008,2024-02-23,2024-02-27,Cancelled,Pickup,1
594,C_026,P_1006,S_2004,2024-02-24,2024-02-29,Returned,Online,1
595,C_028,P_1001,S_2009,2024-02-25,2024-03-02,Processing,In-Store,1
596,C_030,P_1002,S_2017,2024-02-26,2024-03-04,Delivered,Pickup,1
597,C_009,P_1003,S_2008,2024-02-27,2024-03-06,Cancelled,Online,2
598,C_008,P_1004,S_2006,2024-02-28,2024-03-08,Returned,In-Store,3
599,C_014,P_1005,S_2018,2024-02-29,2024-03-10,Processing,Pickup,1
600,C_018,P_1006,S_2005,2024-03-01,2024-03-02,Delivered,Online,1
601,C_021,P_1001,S_2008,2024-03-02,2024-03-04,Cancelled,In-Store,1
602,C_026,P_1002,S_2004,2024-03-03,2024-03-06,Returned,Pickup,1
603,C_028,P_1003,S_2009,2024-03-04,2024-03-08,Processing,Online,1
604,C_010,P_1004,S_2005,2024-03-05,2024-03-10,Delivered,In-Store,1
605,C_009,P_1005,S_2008,2024-03-06,2024-03-12,Cancelled,Pickup,1
606,C_008,P_1006,S_2006,2024-03-07,2024-03-14,Returned,Online,1
607,C_014,P_1001,S_2018,2024-03-08,2024-03-16,Processing,In-Store,1
608,C_032,P_1002,S_2010,2024-03-09,2024-03-18,Delivered,Pickup,2
609,C_012,P_1003,S_2008,2024-03-10,2024-03-20,Cancelled,Online,1
610,C_026,P_1004,S_2004,2024-03-11,2024-03-12,Returned,In-Store,1
611,C_020,P_1005,S_2016,2024-03-12,2024-03-14,Processing,Pickup,1
612,C_010,P_1006,S_2005,2024-03-13,2024-03-16,Delivered,Online,1
613,C_009,P_1001,S_2008,2024-03-14,2024-03-18,Cancelled,In-Store,1
614,C_008,P_1002,S_2006,2024-03-15,2024-03-20,Returned,Pickup,2
615,C_014,P_1003,S_2018,2024-03-16,2024-03-22,Processing,Online,1
616,C_018,P_1004,S_2005,2024-03-17,2024-03-24,Delivered,In-Store,3
617,C_012,P_1005,S_2008,2024-03-18,2024-03-26,Cancelled,Pickup,1
618,C_026,P_1006,S_2004,2024-03-19,2024-03-28,Returned,Online,1
619,C_028,P_1001,S_2009,2024-03-20,2024-03-30,Processing,In-Store,1
620,C_030,P_1002,S_2017,2024-03-21,2024-03-22,Delivered,Pickup,2
621,C_009,P_1003,S_2008,2024-03-22,2024-03-24,Cancelled,Online,1
622,C_008,P_1004,S_2006,2024-03-23,2024-03-26,Returned,In-Store,1
623,C_014,P_1005,S_2018,2024-03-24,2024-03-28,Processing,Pickup,1
624,C_032,P_1006,S_2010,2024-03-25,2024-03-30,Delivered,Online,1
625,C_012,P_1001,S_2008,2024-03-26,2024-04-01,Cancelled,In-Store,2
626,C_026,P_1002,S_2004,2024-03-27,2024-04-03,Returned,Pickup,1
627,C_028,P_1003,S_2009,2024-03-28,2024-04-05,Processing,Online,1
628,C_030,P_1004,S_2017,2024-03-29,2024-04-07,Delivered,In-Store,1
629,C_009,P_1005,S_2008,2024-03-30,2024-04-09,Cancelled,Pickup,1
630,C_008,P_1006,S_2006,2024-03-31,2024-04-01,Returned,Online,1
631,C_014,P_1001,S_2018,2024-04-01,2024-04-03,Processing,In-Store,1
632,C_018,P_1002,S_2005,2024-04-02,2024-04-05,Delivered,Pickup,1
633,C_021,P_1003,S_2008,2024-04-03,2024-04-07,Cancelled,Online,1
634,C_026,P_1004,S_2004,2024-04-04,2024-04-09,Returned,In-Store,2
635,C_028,P_1005,S_2009,2024-04-05,2024-04-11,Processing,Pickup,1
636,C_030,P_1006,S_2017,2024-04-06,2024-04-13,Delivered,Online,1
637,C_009,P_1001,S_2008,2024-04-07,2024-04-15,Cancelled,In-Store,1
638,C_008,P_1002,S_2006,2024-04-08,2024-04-17,Returned,Pickup,1
639,C_014,P_1003,S_2018,2024-04-09,2024-04-19,Processing,Online,1
640,C_018,P_1004,S_2005,2024-04-10,2024-04-11,Delivered,In-Store,2
641,C_012,P_1005,S_2008,2024-04-11,2024-04-13,Cancelled,Pickup,1
642,C_026,P_1006,S_2004,2024-04-12,2024-04-15,Returned,Online,1
643,C_021,P_1001,S_2007,2024-04-13,2024-04-17,Processing,In-Store,1
644,C_030,P_1002,S_2017,2024-04-14,2024-04-19,Delivered,Pickup,1
645,C_009,P_1003,S_2008,2024-04-15,2024-04-21,Cancelled,Online,2
646,C_008,P_1004,S_2006,2024-04-16,2024-04-23,Returned,In-Store,1
647,C_014,P_1005,S_2018,2024-04-17,2024-04-25,Processing,Pickup,1
648,C_032,P_1006,S_2010,2024-04-18,2024-04-27,Delivered,Online,1
649,C_012,P_1001,S_2008,2024-04-19,2024-04-29,Cancelled,In-Store,1
650,C_026,P_1002,S_2004,2024-04-20,2024-04-21,Returned,Pickup,1
651,C_028,P_1003,S_2009,2024-04-21,2024-04-23,Processing,Online,1
652,C_021,P_1004,S_2005,2024-04-22,2024-04-25,Delivered,In-Store,3
653,C_009,P_1005,S_2008,2024-04-23,2024-04-27,Cancelled,Pickup,1
654,C_008,P_1006,S_2006,2024-04-24,2024-04-29,Returned,Online,1
655,C_014,P_1001,S_2018,2024-04-25,2024-05-01,Processing,In-Store,1
656,C_018,P_1002,S_2005,2024-04-26,2024-05-03,Delivered,Pickup,1
657,C_012,P_1003,S_2008,2024-04-27,2024-05-05,Cancelled,Online,1
658,C_026,P_1004,S_2004,2024-04-28,2024-05-07,Returned,In-Store,1
659,C_018,P_1005,S_2007,2024-04-29,2024-05-09,Processing,Pickup,1
660,C_030,P_1006,S_2017,2024-04-30,2024-05-01,Delivered,Online,1
661,C_009,P_1001,S_2008,2024-05-01,2024-05-03,Cancelled,In-Store,1
662,C_008,P_1002,S_2006,2024-05-02,2024-05-05,Returned,Pickup,1
663,C_014,P_1003,S_2018,2024-05-03,2024-05-07,Processing,Online,1
664,C_018,P_1004,S_2005,2024-05-04,2024-05-09,Delivered,In-Store,2
665,C_012,P_1005,S_2008,2024-05-05,2024-05-11,Cancelled,Pickup,1
666,C_026,P_1006,S_2004,2024-05-06,2024-05-13,Returned,Online,1
667,C_028,P_1001,S_2009,2024-05-07,2024-05-15,Processing,In-Store,1
668,C_007,P_1002,S_2005,2024-05-08,2024-05-17,Delivered,Pickup,1
669,C_009,P_1003,S_2008,2024-05-09,2024-05-19,Cancelled,Online,1
670,C_008,P_1004,S_2006,2024-05-10,2024-05-11,Returned,In-Store,1
671,C_014,P_1005,S_2018,2024-05-11,2024-05-13,Processing,Pickup,1
672,C_032,P_1006,S_2010,2024-05-12,2024-05-15,Delivered,Online,1
673,C_002,P_1001,S_2011,2024-05-13,2024-05-17,Cancelled,In-Store,1
674,C_026,P_1002,S_2004,2024-05-14,2024-05-19,Returned,Pickup,1
675,C_028,P_1003,S_2009,2024-05-15,2024-05-21,Processing,Online,1
676,C_030,P_1004,S_2017,2024-05-16,2024-05-23,Delivered,In-Store,1
677,C_009,P_1005,S_2008,2024-05-17,2024-05-25,Cancelled,Pickup,1
678,C_008,P_1006,S_2006,2024-05-18,2024-05-27,Returned,Online,1
679,C_014,P_1001,S_2018,2024-05-19,2024-05-29,Processing,In-Store,1
680,C_018,P_1002,S_2005,2024-05-20,2024-05-21,Delivered,Pickup,1
681,C_012,P_1003,S_2008,2024-05-21,2024-05-23,Cancelled,Online,1
682,C_026,P_1004,S_2004,2024-05-22,2024-05-25,Returned,In-Store,1
683,C_028,P_1005,S_2009,2024-05-23,2024-05-27,Processing,Pickup,1
684,C_030,P_1006,S_2017,2024-05-24,2024-05-29,Delivered,Online,1
685,C_009,P_1001,S_2008,2024-05-25,2024-05-31,Cancelled,In-Store,2
686,C_008,P_1002,S_2006,2024-05-26,2024-06-02,Returned,Pickup,1
687,C_014,P_1003,S_2018,2024-05-27,2024-06-04,Processing,Online,1
688,C_018,P_1004,S_2005,2024-05-28,2024-06-06,Delivered,In-Store,1
689,C_002,P_1005,S_2011,2024-05-29,2024-06-08,Cancelled,Pickup,1
690,C_026,P_1006,S_2004,2024-05-30,2024-05-31,Returned,Online,1
691,C_028,P_1001,S_2009,2024-05-31,2024-06-02,Processing,In-Store,1
692,C_006,P_1002,S_2022,2024-06-01,2024-06-04,Delivered,Pickup,1
693,C_009,P_1003,S_2008,2024-06-02,2024-06-06,Cancelled,Online,1
694,C_008,P_1004,S_2006,2024-06-03,2024-06-08,Returned,In-Store,2
695,C_014,P_1005,S_2018,2024-06-04,2024-06-10,Processing,Pickup,1
696,C_018,P_1006,S_2005,2024-06-05,2024-06-12,Delivered,Online,1
697,C_012,P_1001,S_2008,2024-06-06,2024-06-14,Cancelled,In-Store,1
698,C_026,P_1002,S_2004,2024-06-07,2024-06-16,Returned,Pickup,1
699,C_018,P_1003,S_2007,2024-06-08,2024-06-18,Processing,Online,1
700,C_030,P_1004,S_2017,2024-06-09,2024-06-10,Delivered,In-Store,1
701,C_009,P_1005,S_2008,2024-06-10,2024-06-12,Cancelled,Pickup,1
702,C_008,P_1006,S_2006,2024-06-11,2024-06-14,Returned,Online,1
703,C_014,P_1001,S_2018,2024-06-12,2024-06-16,Processing,In-Store,1
704,C_018,P_1002,S_2005,2024-06-13,2024-06-18,Delivered,Pickup,2
705,C_012,P_1003,S_2008,2024-06-14,2024-06-20,Cancelled,Online,1
706,C_026,P_1004,S_2004,2024-06-15,2024-06-22,Returned,In-Store,1
707,C_028,P_1005,S_2009,2024-06-16,2024-06-24,Processing,Pickup,1
708,C_026,P_1006,S_2017,2024-06-17,2024-06-26,Delivered,Online,1
709,C_009,P_1001,S_2008,2024-06-18,2024-06-28,Cancelled,In-Store,1
710,C_008,P_1002,S_2006,2024-06-19,2024-06-20,Returned,Pickup,1
711,C_014,P_1003,S_2018,2024-06-20,2024-06-22,Processing,Online,1
712,C_006,P_1004,S_2022,2024-06-21,2024-06-24,Delivered,In-Store,1
713,C_002,P_1005,S_2011,2024-06-22,2024-06-26,Cancelled,Pickup,1
714,C_026,P_1006,S_2004,2024-06-23,2024-06-28,Returned,Online,1
715,C_028,P_1001,S_2009,2024-06-24,2024-06-30,Processing,In-Store,1
716,C_030,P_1002,S_2017,2024-06-25,2024-07-02,Delivered,Pickup,1
717,C_009,P_1003,S_2008,2024-06-26,2024-07-04,Cancelled,Online,1
718,C_008,P_1004,S_2006,2024-06-27,2024-07-06,Returned,In-Store,1
719,C_014,P_1005,S_2018,2024-06-28,2024-07-08,Processing,Pickup,1
720,C_018,P_1006,S_2005,2024-01-01,2024-01-02,Delivered,Online,1
721,C_012,P_1001,S_2008,2024-01-02,2024-01-04,Cancelled,In-Store,2
722,C_026,P_1002,S_2004,2024-01-03,2024-01-06,Returned,Pickup,1
723,C_028,P_1003,S_2009,2024-01-04,2024-01-08,Processing,Online,1
724,C_030,P_1004,S_2017,2024-01-05,2024-01-10,Delivered,In-Store,2
725,C_009,P_1005,S_2008,2024-01-06,2024-01-12,Cancelled,Pickup,1
726,C_008,P_1006,S_2006,2024-01-07,2024-01-14,Returned,Online,1
727,C_014,P_1001,S_2018,2024-01-08,2024-01-16,Processing,In-Store,1
728,C_018,P_1002,S_2005,2024-01-09,2024-01-18,Delivered,Pickup,2
729,C_002,P_1003,S_2011,2024-01-10,2024-01-20,Cancelled,Online,1
730,C_026,P_1004,S_2004,2024-01-11,2024-01-12,Returned,In-Store,1
731,C_020,P_1005,S_2016,2024-01-12,2024-01-14,Processing,Pickup,1
732,C_030,P_1006,S_2017,2024-01-13,2024-01-16,Delivered,Online,1
733,C_009,P_1001,S_2008,2024-01-14,2024-01-18,Cancelled,In-Store,1
734,C_008,P_1002,S_2006,2024-01-15,2024-01-20,Returned,Pickup,1
735,C_014,P_1003,S_2018,2024-01-16,2024-01-22,Processing,Online,2
736,C_022,P_1004,S_2017,2024-01-17,2024-01-24,Delivered,In-Store,1
737,C_029,P_1005,S_2008,2024-01-18,2024-01-26,Cancelled,Pickup,1
738,C_026,P_1006,S_2004,2024-01-19,2024-01-28,Returned,Online,1
739,C_028,P_1001,S_2009,2024-01-20,2024-01-30,Processing,In-Store,1
740,C_030,P_1002,S_2017,2024-01-21,2024-01-22,Delivered,Pickup,1
741,C_009,P_1003,S_2008,2024-01-22,2024-01-24,Cancelled,Online,1
742,C_008,P_1004,S_2006,2024-01-23,2024-01-26,Returned,In-Store,1
743,C_014,P_1005,S_2018,2024-01-24,2024-01-28,Processing,Pickup,1
744,C_018,P_1006,S_2005,2024-01-25,2024-01-30,Delivered,Online,1
745,C_029,P_1001,S_2008,2024-01-26,2024-02-01,Cancelled,In-Store,1
746,C_026,P_1002,S_2004,2024-01-27,2024-02-03,Returned,Pickup,2
747,C_028,P_1003,S_2009,2024-01-28,2024-02-05,Processing,Online,2
748,C_006,P_1004,S_2022,2024-01-29,2024-02-07,Delivered,In-Store,1
749,C_009,P_1005,S_2008,2024-01-30,2024-02-09,Cancelled,Pickup,1
750,C_008,P_1006,S_2006,2024-01-31,2024-02-01,Returned,Online,1
751,C_014,P_1001,S_2018,2024-02-01,2024-02-03,Processing,In-Store,1
752,C_001,P_1002,S_2021,2024-02-02,2024-02-05,Delivered,Pickup,3
753,C_029,P_1003,S_2008,2024-02-03,2024-02-07,Cancelled,Online,1
754,C_026,P_1004,S_2004,2024-02-04,2024-02-09,Returned,In-Store,1
755,C_028,P_1005,S_2009,2024-02-05,2024-02-11,Processing,Pickup,1
756,C_030,P_1006,S_2017,2024-02-06,2024-02-13,Delivered,Online,1
757,C_009,P_1001,S_2008,2024-02-07,2024-02-15,Cancelled,In-Store,1
758,C_008,P_1002,S_2006,2024-02-08,2024-02-17,Returned,Pickup,2
759,C_014,P_1003,S_2018,2024-02-09,2024-02-19,Processing,Online,3
760,C_018,P_1004,S_2005,2024-02-10,2024-02-11,Delivered,In-Store,1
761,C_029,P_1005,S_2008,2024-02-11,2024-02-13,Cancelled,Pickup,1
762,C_026,P_1006,S_2004,2024-02-12,2024-02-15,Returned,Online,1
763,C_019,P_1001,S_2018,2024-02-13,2024-02-17,Processing,In-Store,1
764,C_015,P_1002,S_2017,2024-02-14,2024-02-19,Delivered,Pickup,3
765,C_009,P_1003,S_2008,2024-02-15,2024-02-21,Cancelled,Online,1
766,C_008,P_1004,S_2006,2024-02-16,2024-02-23,Returned,In-Store,1
767,C_014,P_1005,S_2018,2024-02-17,2024-02-25,Processing,Pickup,1
768,C_018,P_1006,S_2005,2024-02-18,2024-02-27,Delivered,Online,1
769,C_029,P_1001,S_2008,2024-02-19,2024-02-29,Cancelled,In-Store,1
770,C_026,P_1002,S_2004,2024-02-20,2024-02-21,Returned,Pickup,2
771,C_028,P_1003,S_2009,2024-02-21,2024-02-23,Processing,Online,1
772,C_002,P_1004,S_2010,2024-02-22,2024-02-25,Delivered,In-Store,1
773,C_009,P_1005,S_2008,2024-02-23,2024-02-27,Cancelled,Pickup,1
774,C_008,P_1006,S_2006,2024-02-24,2024-02-29,Returned,Online,1
775,C_014,P_1001,S_2018,2024-02-25,2024-03-02,Processing,In-Store,1
776,C_018,P_1002,S_2005,2024-02-26,2024-03-04,Delivered,Pickup,1
777,C_029,P_1003,S_2008,2024-02-27,2024-03-06,Cancelled,Online,1
778,C_026,P_1004,S_2004,2024-02-28,2024-03-08,Returned,In-Store,2
779,C_025,P_1005,S_2009,2024-02-29,2024-03-10,Processing,Pickup,1
780,C_005,P_1006,S_2017,2024-03-01,2024-03-02,Delivered,Online,1
781,C_009,P_1001,S_2008,2024-03-02,2024-03-04,Cancelled,In-Store,2
782,C_008,P_1002,S_2006,2024-03-03,2024-03-06,Returned,Pickup,2
783,C_014,P_1003,S_2018,2024-03-04,2024-03-08,Processing,Online,1
784,C_001,P_1004,S_2021,2024-03-05,2024-03-10,Delivered,In-Store,1
785,C_029,P_1005,S_2008,2024-03-06,2024-03-12,Cancelled,Pickup,1
786,C_026,P_1006,S_2004,2024-03-07,2024-03-14,Returned,Online,1
787,C_028,P_1001,S_2009,2024-03-08,2024-03-16,Processing,In-Store,1
788,C_005,P_1002,S_2017,2024-03-09,2024-03-18,Delivered,Pickup,1
789,C_009,P_1003,S_2008,2024-03-10,2024-03-20,Cancelled,Online,1
790,C_008,P_1004,S_2006,2024-03-11,2024-03-12,Returned,In-Store,1
791,C_014,P_1005,S_2018,2024-03-12,2024-03-14,Processing,Pickup,1
792,C_018,P_1006,S_2005,2024-03-13,2024-03-16,Delivered,Online,1
793,C_029,P_1001,S_2008,2024-03-14,2024-03-18,Cancelled,In-Store,1
794,C_026,P_1002,S_2004,2024-03-15,2024-03-20,Returned,Pickup,1
795,C_025,P_1003,S_2009,2024-03-16,2024-03-22,Processing,Online,1
796,C_003,P_1004,S_2003,2024-03-17,2024-03-24,Delivered,In-Store,1
797,C_009,P_1005,S_2008,2024-03-18,2024-03-26,Cancelled,Pickup,1
798,C_008,P_1006,S_2006,2024-03-19,2024-03-28,Returned,Online,1
799,C_014,P_1001,S_2018,2024-03-20,2024-03-30,Processing,In-Store,1
800,C_018,P_1002,S_2005,2024-03-21,2024-03-22,Delivered,Pickup,1
801,C_029,P_1003,S_2008,2024-03-22,2024-03-24,Cancelled,Online,3
802,C_026,P_1004,S_2004,2024-03-23,2024-03-26,Returned,In-Store,2
803,C_028,P_1005,S_2009,2024-03-24,2024-03-28,Processing,Pickup,1
804,C_005,P_1006,S_2017,2024-03-25,2024-03-30,Delivered,Online,1
805,C_009,P_1001,S_2008,2024-03-26,2024-04-01,Cancelled,In-Store,1
806,C_008,P_1002,S_2006,2024-03-27,2024-04-03,Returned,Pickup,1
807,C_014,P_1003,S_2018,2024-03-28,2024-04-05,Processing,Online,1
808,C_018,P_1004,S_2005,2024-03-29,2024-04-07,Delivered,In-Store,1
809,C_029,P_1005,S_2008,2024-03-30,2024-04-09,Cancelled,Pickup,1
810,C_026,P_1006,S_2004,2024-03-31,2024-04-01,Returned,Online,1
811,C_028,P_1001,S_2009,2024-04-01,2024-04-03,Processing,In-Store,1
812,C_005,P_1002,S_2017,2024-04-02,2024-04-05,Delivered,Pickup,1
813,C_009,P_1003,S_2008,2024-04-03,2024-04-07,Cancelled,Online,1
814,C_008,P_1004,S_2006,2024-04-04,2024-04-09,Returned,In-Store,2
815,C_014,P_1005,S_2018,2024-04-05,2024-04-11,Processing,Pickup,1
816,C_001,P_1006,S_2024,2024-04-06,2024-04-13,Delivered,Online,1
817,C_029,P_1001,S_2008,2024-04-07,2024-04-15,Cancelled,In-Store,1
818,C_026,P_1002,S_2004,2024-04-08,2024-04-17,Returned,Pickup,1
819,C_028,P_1003,S_2009,2024-04-09,2024-04-19,Processing,Online,1
820,C_005,P_1004,S_2017,2024-04-10,2024-04-11,Delivered,In-Store,1
821,C_009,P_1005,S_2008,2024-04-11,2024-04-13,Cancelled,Pickup,1
822,C_008,P_1006,S_2006,2024-04-12,2024-04-15,Returned,Online,1
823,C_014,P_1001,S_2018,2024-04-13,2024-04-17,Processing,In-Store,1
824,C_018,P_1002,S_2005,2024-04-14,2024-04-19,Delivered,Pickup,1
825,C_029,P_1003,S_2008,2024-04-15,2024-04-21,Cancelled,Online,1
826,C_026,P_1004,S_2004,2024-04-16,2024-04-23,Returned,In-Store,1
827,C_031,P_1005,S_2016,2024-04-17,2024-04-25,Processing,Pickup,1
828,C_005,P_1006,S_2017,2024-04-18,2024-04-27,Delivered,Online,1
829,C_009,P_1001,S_2008,2024-04-19,2024-04-29,Cancelled,In-Store,1
830,C_008,P_1002,S_2006,2024-04-20,2024-04-21,Returned,Pickup,1
831,C_014,P_1003,S_2018,2024-04-21,2024-04-23,Processing,Online,1
832,C_001,P_1004,S_2024,2024-04-22,2024-04-25,Delivered,In-Store,2
833,C_029,P_1005,S_2008,2024-04-23,2024-04-27,Cancelled,Pickup,1
834,C_026,P_1006,S_2004,2024-04-24,2024-04-29,Returned,Online,1
835,C_022,P_1001,S_2018,2024-04-25,2024-05-01,Processing,In-Store,1
836,C_005,P_1002,S_2017,2024-04-26,2024-05-03,Delivered,Pickup,1
837,C_009,P_1003,S_2008,2024-04-27,2024-05-05,Cancelled,Online,1
838,C_008,P_1004,S_2006,2024-04-28,2024-05-07,Returned,In-Store,1
839,C_014,P_1005,S_2018,2024-04-29,2024-05-09,Processing,Pickup,1
840,C_018,P_1006,S_2005,2024-04-30,2024-05-01,Delivered,Online,1
841,C_029,P_1001,S_2008,2024-05-01,2024-05-03,Cancelled,In-Store,1
842,C_026,P_1002,S_2004,2024-05-02,2024-05-05,Returned,Pickup,1
843,C_031,P_1003,S_2016,2024-05-03,2024-05-07,Processing,Online,1
844,C_003,P_1004,S_2003,2024-05-04,2024-05-09,Delivered,In-Store,2
845,C_009,P_1005,S_2008,2024-05-05,2024-05-11,Cancelled,Pickup,1
846,C_008,P_1006,S_2006,2024-05-06,2024-05-13,Returned,Online,1
847,C_014,P_1001,S_2018,2024-05-07,2024-05-15,Processing,In-Store,1
848,C_018,P_1002,S_2005,2024-05-08,2024-05-17,Delivered,Pickup,1
849,C_029,P_1003,S_2008,2024-05-09,2024-05-19,Cancelled,Online,1
850,C_026,P_1004,S_2004,2024-05-10,2024-05-11,Returned,In-Store,1
851,C_028,P_1005,S_2009,2024-05-11,2024-05-13,Processing,Pickup,1
852,C_005,P_1006,S_2017,2024-05-12,2024-05-15,Delivered,Online,1
853,C_009,P_1001,S_2008,2024-05-13,2024-05-17,Cancelled,In-Store,1
854,C_008,P_1002,S_2006,2024-05-14,2024-05-19,Returned,Pickup,1
855,C_014,P_1003,S_2018,2024-05-15,2024-05-21,Processing,Online,1
856,C_001,P_1004,S_2023,2024-05-16,2024-05-23,Delivered,In-Store,1
857,C_029,P_1005,S_2008,2024-05-17,2024-05-25,Cancelled,Pickup,1
858,C_026,P_1006,S_2004,2024-05-18,2024-05-27,Returned,Online,1
859,C_023,P_1001,S_2018,2024-05-19,2024-05-29,Processing,In-Store,1
860,C_005,P_1002,S_2017,2024-05-20,2024-05-21,Delivered,Pickup,1
861,C_009,P_1003,S_2008,2024-05-21,2024-05-23,Cancelled,Online,2
862,C_008,P_1004,S_2006,2024-05-22,2024-05-25,Returned,In-Store,1
863,C_014,P_1005,S_2018,2024-05-23,2024-05-27,Processing,Pickup,1
864,C_018,P_1006,S_2005,2024-05-24,2024-05-29,Delivered,Online,1
865,C_029,P_1001,S_2008,2024-05-25,2024-05-31,Cancelled,In-Store,1
866,C_026,P_1002,S_2004,2024-05-26,2024-06-02,Returned,Pickup,1
867,C_028,P_1003,S_2009,2024-05-27,2024-06-04,Processing,Online,1
868,C_005,P_1004,S_2017,2024-05-28,2024-06-06,Delivered,In-Store,1
869,C_009,P_1005,S_2008,2024-05-29,2024-06-08,Cancelled,Pickup,1
870,C_008,P_1006,S_2006,2024-05-30,2024-05-31,Returned,Online,1
871,C_014,P_1001,S_2018,2024-05-31,2024-06-02,Processing,In-Store,1
872,C_018,P_1002,S_2005,2024-06-01,2024-06-04,Delivered,Pickup,1
873,C_029,P_1003,S_2008,2024-06-02,2024-06-06,Cancelled,Online,1
874,C_026,P_1004,S_2004,2024-06-03,2024-06-08,Returned,In-Store,1
875,C_028,P_1005,S_2009,2024-06-04,2024-06-10,Processing,Pickup,1
876,C_010,P_1006,S_2005,2024-06-05,2024-06-12,Delivered,Online,1
877,C_009,P_1001,S_2008,2024-06-06,2024-06-14,Cancelled,In-Store,1
878,C_008,P_1002,S_2006,2024-06-07,2024-06-16,Returned,Pickup,2
879,C_014,P_1003,S_2018,2024-06-08,2024-06-18,Processing,Online,2
880,C_001,P_1004,S_2022,2024-06-09,2024-06-10,Delivered,In-Store,1
881,C_029,P_1005,S_2008,2024-06-10,2024-06-12,Cancelled,Pickup,1
882,C_026,P_1006,S_2004,2024-06-11,2024-06-14,Returned,Online,1
883,C_028,P_1001,S_2009,2024-06-12,2024-06-16,Processing,In-Store,1
884,C_005,P_1002,S_2017,2024-06-13,2024-06-18,Delivered,Pickup,1
885,C_009,P_1003,S_2008,2024-06-14,2024-06-20,Cancelled,Online,1
886,C_008,P_1004,S_2006,2024-06-15,2024-06-22,Returned,In-Store,1
887,C_014,P_1005,S_2018,2024-06-16,2024-06-24,Processing,Pickup,1
888,C_018,P_1006,S_2005,2024-06-17,2024-06-26,Delivered,Online,1
889,C_029,P_1001,S_2008,2024-06-18,2024-06-28,Cancelled,In-Store,1
890,C_026,P_1002,S_2004,2024-06-19,2024-06-20,Returned,Pickup,1
891,C_001,P_1003,S_2021,2024-06-20,2024-06-22,Processing,Online,1
892,C_005,P_1004,S_2017,2024-06-21,2024-06-24,Delivered,In-Store,1
893,C_009,P_1005,S_2008,2024-06-22,2024-06-26,Cancelled,Pickup,1
894,C_008,P_1006,S_2006,2024-06-23,2024-06-28,Returned,Online,1
895,C_014,P_1001,S_2018,2024-06-24,2024-06-30,Processing,In-Store,2
896,C_018,P_1002,S_2005,2024-06-25,2024-07-02,Delivered,Pickup,1
897,C_029,P_1003,S_2008,2024-06-26,2024-07-04,Cancelled,Online,2
898,C_026,P_1004,S_2004,2024-06-27,2024-07-06,Returned,In-Store,1
899,C_031,P_1005,S_2016,2024-06-28,2024-07-08,Processing,Pickup,1
900,C_005,P_1006,S_2017,2024-01-01,2024-01-02,Delivered,Online,1
901,C_009,P_1001,S_2008,2024-01-02,2024-01-04,Cancelled,In-Store,1
902,C_008,P_1002,S_2006,2024-01-03,2024-01-06,Returned,Pickup,1
903,C_014,P_1003,S_2018,2024-01-04,2024-01-08,Processing,Online,1
904,C_018,P_1004,S_2005,2024-01-05,2024-01-10,Delivered,In-Store,1
905,C_029,P_1005,S_2008,2024-01-06,2024-01-12,Cancelled,Pickup,1
906,C_026,P_1006,S_2004,2024-01-07,2024-01-14,Returned,Online,1
907,C_028,P_1001,S_2009,2024-01-08,2024-01-16,Processing,In-Store,1
908,C_003,P_1002,S_2003,2024-01-09,2024-01-18,Delivered,Pickup,1
909,C_009,P_1003,S_2008,2024-01-10,2024-01-20,Cancelled,Online,1
910,C_008,P_1004,S_2006,2024-01-11,2024-01-12,Returned,In-Store,1
911,C_014,P_1005,S_2018,2024-01-12,2024-01-14,Processing,Pickup,1
912,C_001,P_1006,S_2023,2024-01-13,2024-01-16,Delivered,Online,1
913,C_029,P_1001,S_2008,2024-01-14,2024-01-18,Cancelled,In-Store,1
914,C_026,P_1002,S_2004,2024-01-15,2024-01-20,Returned,Pickup,1
915,C_028,P_1003,S_2009,2024-01-16,2024-01-22,Processing,Online,1
916,C_005,P_1004,S_2017,2024-01-17,2024-01-24,Delivered,In-Store,1
917,C_009,P_1005,S_2008,2024-01-18,2024-01-26,Cancelled,Pickup,1
918,C_008,P_1006,S_2006,2024-01-19,2024-01-28,Returned,Online,1
919,C_014,P_1001,S_2018,2024-01-20,2024-01-30,Processing,In-Store,1
920,C_018,P_1002,S_2005,2024-01-21,2024-01-22,Delivered,Pickup,2
921,C_029,P_1003,S_2008,2024-01-22,2024-01-24,Cancelled,Online,1
922,C_026,P_1004,S_2004,2024-01-23,2024-01-26,Returned,In-Store,1
923,C_028,P_1005,S_2009,2024-01-24,2024-01-28,Processing,Pickup,1
924,C_005,P_1006,S_2017,2024-01-25,2024-01-30,Delivered,Online,1
925,C_009,P_1001,S_2008,2024-01-26,2024-02-01,Cancelled,In-Store,1
926,C_008,P_1002,S_2006,2024-01-27,2024-02-03,Returned,Pickup,2
927,C_014,P_1003,S_2018,2024-01-28,2024-02-05,Processing,Online,1
928,C_018,P_1004,S_2005,2024-01-29,2024-02-07,Delivered,In-Store,1
929,C_029,P_1005,S_2008,2024-01-30,2024-02-09,Cancelled,Pickup,1
930,C_026,P_1006,S_2004,2024-01-31,2024-02-01,Returned,Online,1
931,C_031,P_1001,S_2016,2024-02-01,2024-02-03,Processing,In-Store,1
932,C_005,P_1002,S_2017,2024-02-02,2024-02-05,Delivered,Pickup,2
933,C_009,P_1003,S_2008,2024-02-03,2024-02-07,Cancelled,Online,1
934,C_008,P_1004,S_2006,2024-02-04,2024-02-09,Returned,In-Store,1
935,C_014,P_1005,S_2018,2024-02-05,2024-02-11,Processing,Pickup,1
936,C_018,P_1006,S_2005,2024-02-06,2024-02-13,Delivered,Online,1
937,C_029,P_1001,S_2008,2024-02-07,2024-02-15,Cancelled,In-Store,1
938,C_026,P_1002,S_2004,2024-02-08,2024-02-17,Returned,Pickup,2
939,C_028,P_1003,S_2009,2024-02-09,2024-02-19,Processing,Online,1
940,C_015,P_1004,S_2017,2024-02-10,2024-02-11,Delivered,In-Store,1
941,C_009,P_1005,S_2008,2024-02-11,2024-02-13,Cancelled,Pickup,1
942,C_008,P_1006,S_2006,2024-02-12,2024-02-15,Returned,Online,1
943,C_014,P_1001,S_2018,2024-02-13,2024-02-17,Processing,In-Store,1
944,C_018,P_1002,S_2005,2024-02-14,2024-02-19,Delivered,Pickup,1
945,C_029,P_1003,S_2008,2024-02-15,2024-02-21,Cancelled,Online,1
946,C_026,P_1004,S_2004,2024-02-16,2024-02-23,Returned,In-Store,1
947,C_028,P_1005,S_2009,2024-02-17,2024-02-25,Processing,Pickup,1
948,C_016,P_1006,S_2005,2024-02-18,2024-02-27,Delivered,Online,1
949,C_009,P_1001,S_2008,2024-02-19,2024-02-29,Cancelled,In-Store,3
950,C_008,P_1002,S_2006,2024-02-20,2024-02-21,Returned,Pickup,1
951,C_014,P_1003,S_2018,2024-02-21,2024-02-23,Processing,Online,1
952,C_018,P_1004,S_2005,2024-02-22,2024-02-25,Delivered,In-Store,1
953,C_029,P_1005,S_2008,2024-02-23,2024-02-27,Cancelled,Pickup,1
954,C_026,P_1006,S_2004,2024-02-24,2024-02-29,Returned,Online,1
955,C_028,P_1001,S_2009,2024-02-25,2024-03-02,Processing,In-Store,1
956,C_015,P_1002,S_2017,2024-02-26,2024-03-04,Delivered,Pickup,1
957,C_009,P_1003,S_2008,2024-02-27,2024-03-06,Cancelled,Online,1
958,C_008,P_1004,S_2006,2024-02-28,2024-03-08,Returned,In-Store,1
959,C_014,P_1005,S_2018,2024-02-29,2024-03-10,Processing,Pickup,1
960,C_006,P_1006,S_2022,2024-03-01,2024-03-02,Delivered,Online,1
961,C_029,P_1001,S_2008,2024-03-02,2024-03-04,Cancelled,In-Store,1
962,C_026,P_1002,S_2004,2024-03-03,2024-03-06,Returned,Pickup,1
963,C_028,P_1003,S_2009,2024-03-04,2024-03-08,Processing,Online,1
964,C_016,P_1004,S_2005,2024-03-05,2024-03-10,Delivered,In-Store,1
965,C_009,P_1005,S_2008,2024-03-06,2024-03-12,Cancelled,Pickup,1
966,C_008,P_1006,S_2006,2024-03-07,2024-03-14,Returned,Online,1
967,C_014,P_1001,S_2018,2024-03-08,2024-03-16,Processing,In-Store,1
968,C_018,P_1002,S_2005,2024-03-09,2024-03-18,Delivered,Pickup,2
969,C_029,P_1003,S_2008,2024-03-10,2024-03-20,Cancelled,Online,1
970,C_026,P_1004,S_2004,2024-03-11,2024-03-12,Returned,In-Store,1
971,C_028,P_1005,S_2009,2024-03-12,2024-03-14,Processing,Pickup,1
972,C_015,P_1006,S_2017,2024-03-13,2024-03-16,Delivered,Online,1
973,C_009,P_1001,S_2008,2024-03-14,2024-03-18,Cancelled,In-Store,1
974,C_008,P_1002,S_2006,2024-03-15,2024-03-20,Returned,Pickup,1
975,C_014,P_1003,S_2018,2024-03-16,2024-03-22,Processing,Online,1
976,C_001,P_1004,S_2022,2024-03-17,2024-03-24,Delivered,In-Store,1
977,C_029,P_1005,S_2008,2024-03-18,2024-03-26,Cancelled,Pickup,1
978,C_026,P_1006,S_2004,2024-03-19,2024-03-28,Returned,Online,1
979,C_033,P_1001,S_2016,2024-03-20,2024-03-30,Processing,In-Store,1
980,C_015,P_1002,S_2017,2024-03-21,2024-03-22,Delivered,Pickup,1
981,C_009,P_1003,S_2008,2024-03-22,2024-03-24,Cancelled,Online,1
982,C_008,P_1004,S_2006,2024-03-23,2024-03-26,Returned,In-Store,1
983,C_014,P_1005,S_2018,2024-03-24,2024-03-28,Processing,Pickup,1
984,C_018,P_1006,S_2005,2024-03-25,2024-03-30,Delivered,Online,1
985,C_029,P_1001,S_2008,2024-03-26,2024-04-01,Cancelled,In-Store,1
986,C_026,P_1002,S_2004,2024-03-27,2024-04-03,Returned,Pickup,1
987,C_028,P_1003,S_2009,2024-03-28,2024-04-05,Processing,Online,1
988,C_015,P_1004,S_2017,2024-03-29,2024-04-07,Delivered,In-Store,1
989,C_009,P_1005,S_2008,2024-03-30,2024-04-09,Cancelled,Pickup,1
990,C_008,P_1006,S_2006,2024-03-31,2024-04-01,Returned,Online,1
991,C_014,P_1001,S_2018,2024-04-01,2024-04-03,Processing,In-Store,1
992,C_002,P_1002,S_2010,2024-04-02,2024-04-05,Delivered,Pickup,1
993,C_029,P_1003,S_2008,2024-04-03,2024-04-07,Cancelled,Online,1
994,C_026,P_1004,S_2004,2024-04-04,2024-04-09,Returned,In-Store,1
995,C_028,P_1005,S_2009,2024-04-05,2024-04-11,Processing,Pickup,1
996,C_021,P_1006,S_2005,2024-04-06,2024-04-13,Delivered,Online,1
997,C_009,P_1001,S_2008,2024-04-07,2024-04-15,Cancelled,In-Store,1
998,C_008,P_1002,S_2007,2024-04-08,2024-04-17,Returned,Pickup,1
999,C_014,P_1003,S_2018,2024-04-09,2024-04-19,Processing,Online,1
1000,C_018,P_1004,S_2007,2024-04-10,2024-04-11,Delivered,In-Store,1
